,state,month,year,n
1,CA,3,2015,22
2,CA,12,2015,22
3,CA,7,2015,21
4,CA,5,2020,20
5,CA,10,2015,20
6,CA,10,2020,19
7,CA,1,2017,18
8,CA,8,2016,18
9,CA,9,2015,18
10,CA,3,2017,17
11,CA,4,2015,17
12,CA,6,2019,17
13,CA,6,2020,17
14,CA,7,2022,17
15,CA,8,2015,17
16,CA,8,2020,17
17,CA,5,2017,16
18,CA,10,2019,16
19,CA,11,2015,16
20,TX,1,2015,16
21,TX,1,2019,16
22,CA,2,2016,15
23,CA,4,2021,15
24,CA,7,2016,15
25,CA,8,2017,15
26,CA,8,2021,15
27,CA,6,2017,14
28,CA,7,2017,14
29,CA,7,2018,14
30,TX,3,2018,14
31,TX,6,2019,14
32,CA,1,2021,13
33,CA,4,2018,13
34,CA,9,2021,13
35,CA,10,2021,13
36,CA,12,2019,13
37,FL,5,2020,13
38,FL,12,2019,13
39,TX,6,2022,13
40,TX,8,2015,13
41,TX,9,2021,13
42,AZ,3,2018,12
43,CA,1,2019,12
44,CA,1,2022,12
45,CA,3,2018,12
46,CA,3,2020,12
47,CA,3,2021,12
48,CA,4,2019,12
49,CA,5,2021,12
50,CA,6,2021,12
51,CA,8,2018,12
52,CA,9,2017,12
53,CA,10,2016,12
54,CA,11,2016,12
55,CA,12,2017,12
56,CA,12,2021,12
57,FL,5,2016,12
58,FL,11,2020,12
59,TX,1,2018,12
60,TX,2,2022,12
61,TX,3,2016,12
62,TX,4,2021,12
63,TX,9,2019,12
64,CA,1,2016,11
65,CA,2,2017,11
66,CA,2,2019,11
67,CA,3,2016,11
68,CA,3,2022,11
69,CA,4,2017,11
70,CA,5,2022,11
71,CA,6,2015,11
72,CA,8,2019,11
73,CA,11,2020,11
74,CA,12,2016,11
75,CA,12,2018,11
76,FL,10,2020,11
77,GA,6,2021,11
78,TX,1,2021,11
79,TX,2,2017,11
80,TX,5,2018,11
81,TX,7,2022,11
82,CA,2,2021,10
83,CA,5,2019,10
84,CA,6,2022,10
85,CA,9,2020,10
86,CA,10,2017,10
87,CA,11,2017,10
88,CA,11,2018,10
89,CA,12,2020,10
90,FL,3,2021,10
91,FL,8,2020,10
92,TX,2,2016,10
93,TX,3,2019,10
94,TX,3,2021,10
95,TX,5,2022,10
96,TX,6,2015,10
97,TX,7,2019,10
98,TX,8,2021,10
99,TX,11,2020,10
100,CA,1,2015,9
101,CA,1,2018,9
102,CA,2,2015,9
103,CA,2,2018,9
104,CA,2,2022,9
105,CA,3,2019,9
106,CA,4,2022,9
107,CA,5,2016,9
108,CA,7,2019,9
109,CA,7,2020,9
110,CA,9,2016,9
111,FL,3,2022,9
112,FL,5,2019,9
113,FL,12,2018,9
114,OK,4,2015,9
115,TX,3,2020,9
116,TX,4,2018,9
117,TX,5,2020,9
118,TX,7,2015,9
119,TX,9,2016,9
120,TX,12,2020,9
121,AZ,1,2021,8
122,AZ,3,2022,8
123,AZ,7,2017,8
124,CA,4,2016,8
125,CA,4,2020,8
126,CA,5,2015,8
127,CA,6,2016,8
128,CA,6,2018,8
129,CA,7,2021,8
130,CA,10,2018,8
131,CA,11,2019,8
132,CO,5,2020,8
133,FL,1,2020,8
134,FL,2,2018,8
135,FL,2,2020,8
136,FL,3,2020,8
137,FL,5,2022,8
138,FL,6,2022,8
139,FL,7,2015,8
140,FL,10,2015,8
141,FL,12,2016,8
142,TN,10,2021,8
143,TX,2,2015,8
144,TX,2,2018,8
145,TX,3,2022,8
146,TX,4,2016,8
147,TX,4,2020,8
148,TX,6,2021,8
149,TX,7,2021,8
150,TX,8,2020,8
151,TX,10,2015,8
152,TX,10,2016,8
153,TX,10,2019,8
154,TX,11,2015,8
155,TX,12,2019,8
156,AZ,3,2015,7
157,AZ,4,2018,7
158,AZ,7,2018,7
159,AZ,8,2016,7
160,AZ,10,2017,7
161,CA,1,2020,7
162,CA,2,2020,7
163,CA,9,2019,7
164,CO,4,2021,7
165,FL,2,2017,7
166,FL,3,2015,7
167,FL,3,2019,7
168,FL,7,2019,7
169,FL,9,2015,7
170,FL,10,2017,7
171,FL,10,2018,7
172,FL,10,2021,7
173,GA,4,2022,7
174,GA,10,2018,7
175,GA,10,2019,7
176,MO,12,2021,7
177,NC,2,2017,7
178,TX,1,2016,7
179,TX,1,2017,7
180,TX,2,2019,7
181,TX,2,2021,7
182,TX,4,2015,7
183,TX,4,2017,7
184,TX,4,2022,7
185,TX,7,2018,7
186,TX,8,2019,7
187,TX,8,2022,7
188,TX,10,2018,7
189,TX,12,2017,7
190,AZ,1,2019,6
191,AZ,1,2020,6
192,AZ,2,2015,6
193,AZ,2,2022,6
194,AZ,5,2019,6
195,AZ,5,2021,6
196,AZ,5,2022,6
197,AZ,7,2016,6
198,AZ,12,2020,6
199,CA,5,2018,6
200,CA,8,2022,6
201,CA,11,2021,6
202,CO,1,2020,6
203,CO,6,2018,6
204,CO,6,2021,6
205,CO,7,2022,6
206,FL,1,2018,6
207,FL,2,2015,6
208,FL,3,2016,6
209,FL,3,2017,6
210,FL,3,2018,6
211,FL,4,2020,6
212,FL,6,2016,6
213,FL,6,2017,6
214,FL,6,2019,6
215,FL,7,2020,6
216,FL,7,2022,6
217,FL,8,2017,6
218,FL,8,2018,6
219,FL,8,2022,6
220,FL,9,2017,6
221,FL,11,2019,6
222,GA,4,2018,6
223,GA,6,2018,6
224,GA,9,2020,6
225,GA,12,2021,6
226,IL,4,2015,6
227,MI,4,2018,6
228,MO,11,2015,6
229,MS,11,2017,6
230,NC,3,2019,6
231,NC,3,2020,6
232,NM,7,2021,6
233,OH,2,2017,6
234,OH,4,2017,6
235,OH,5,2018,6
236,OH,5,2022,6
237,OH,8,2022,6
238,OH,11,2019,6
239,OH,12,2020,6
240,OK,6,2017,6
241,OK,6,2019,6
242,OK,10,2019,6
243,OK,11,2020,6
244,TX,4,2019,6
245,TX,5,2015,6
246,TX,5,2017,6
247,TX,5,2019,6
248,TX,5,2021,6
249,TX,6,2017,6
250,TX,6,2020,6
251,TX,9,2015,6
252,TX,10,2017,6
253,TX,10,2021,6
254,TX,11,2016,6
255,TX,12,2016,6
256,VA,3,2016,6
257,VA,3,2020,6
258,WA,1,2022,6
259,WA,12,2017,6
260,AL,6,2016,5
261,AL,11,2017,5
262,AR,6,2021,5
263,AZ,1,2015,5
264,AZ,1,2022,5
265,AZ,2,2018,5
266,AZ,3,2019,5
267,AZ,3,2020,5
268,AZ,5,2016,5
269,AZ,5,2017,5
270,AZ,5,2018,5
271,AZ,8,2018,5
272,AZ,9,2016,5
273,AZ,10,2020,5
274,AZ,11,2016,5
275,AZ,11,2020,5
276,AZ,12,2018,5
277,AZ,12,2019,5
278,CO,2,2018,5
279,CO,4,2018,5
280,CO,5,2021,5
281,CO,7,2018,5
282,CO,10,2017,5
283,CO,11,2018,5
284,CO,11,2019,5
285,CO,12,2017,5
286,CO,12,2021,5
287,FL,2,2021,5
288,FL,5,2015,5
289,FL,6,2015,5
290,FL,7,2017,5
291,FL,7,2018,5
292,FL,8,2021,5
293,FL,9,2016,5
294,FL,11,2016,5
295,GA,1,2017,5
296,GA,1,2018,5
297,GA,1,2020,5
298,GA,3,2019,5
299,GA,3,2021,5
300,GA,3,2022,5
301,GA,5,2021,5
302,GA,6,2016,5
303,GA,6,2022,5
304,GA,7,2015,5
305,GA,7,2022,5
306,GA,8,2021,5
307,GA,9,2021,5
308,GA,11,2015,5
309,IL,3,2021,5
310,IL,7,2018,5
311,KY,3,2020,5
312,KY,4,2018,5
313,LA,4,2018,5
314,LA,9,2015,5
315,LA,12,2015,5
316,MN,2,2021,5
317,MN,11,2018,5
318,MO,1,2017,5
319,MO,2,2017,5
320,MO,3,2021,5
321,MO,7,2017,5
322,MO,12,2019,5
323,NC,2,2021,5
324,NC,3,2018,5
325,NC,7,2018,5
326,NC,8,2015,5
327,NC,8,2020,5
328,NC,8,2022,5
329,NC,11,2019,5
330,NC,11,2021,5
331,NJ,6,2018,5
332,NM,2,2022,5
333,NM,4,2022,5
334,NM,7,2017,5
335,NM,11,2017,5
336,NY,6,2015,5
337,OH,2,2016,5
338,OH,6,2022,5
339,OH,7,2017,5
340,OH,7,2022,5
341,OH,8,2018,5
342,OH,10,2015,5
343,OK,1,2018,5
344,OK,10,2016,5
345,PA,8,2021,5
346,PA,10,2017,5
347,TN,2,2019,5
348,TN,4,2022,5
349,TN,6,2019,5
350,TN,9,2019,5
351,TN,10,2018,5
352,TN,12,2021,5
353,TX,1,2020,5
354,TX,2,2020,5
355,TX,6,2018,5
356,TX,7,2020,5
357,TX,9,2017,5
358,TX,10,2020,5
359,TX,12,2015,5
360,UT,8,2020,5
361,UT,10,2018,5
362,UT,11,2018,5
363,WA,3,2022,5
364,WA,5,2020,5
365,WA,6,2017,5
366,WA,7,2017,5
367,WA,8,2022,5
368,WA,9,2018,5
369,WA,9,2020,5
370,WA,11,2019,5
371,AL,1,2016,4
372,AL,1,2021,4
373,AL,2,2015,4
374,AL,5,2021,4
375,AL,10,2017,4
376,AL,11,2018,4
377,AR,10,2016,4
378,AR,12,2019,4
379,AZ,2,2016,4
380,AZ,2,2020,4
381,AZ,2,2021,4
382,AZ,4,2015,4
383,AZ,4,2017,4
384,AZ,6,2016,4
385,AZ,6,2018,4
386,AZ,6,2022,4
387,AZ,8,2015,4
388,AZ,11,2017,4
389,AZ,12,2015,4
390,CA,9,2018,4
391,CO,1,2015,4
392,CO,1,2018,4
393,CO,1,2019,4
394,CO,2,2019,4
395,CO,4,2019,4
396,CO,5,2018,4
397,CO,6,2016,4
398,CO,6,2017,4
399,CO,6,2020,4
400,CO,6,2022,4
401,CO,7,2019,4
402,CO,8,2016,4
403,CO,8,2019,4
404,CO,8,2021,4
405,CO,9,2016,4
406,CO,9,2020,4
407,CO,9,2021,4
408,CO,11,2015,4
409,CO,12,2015,4
410,FL,4,2015,4
411,FL,4,2016,4
412,FL,4,2017,4
413,FL,4,2018,4
414,FL,4,2019,4
415,FL,4,2021,4
416,FL,4,2022,4
417,FL,5,2017,4
418,FL,5,2018,4
419,FL,6,2020,4
420,FL,7,2021,4
421,FL,9,2018,4
422,FL,10,2016,4
423,FL,10,2019,4
424,FL,11,2015,4
425,FL,11,2021,4
426,FL,12,2020,4
427,FL,12,2021,4
428,GA,1,2016,4
429,GA,2,2015,4
430,GA,2,2018,4
431,GA,4,2020,4
432,GA,5,2018,4
433,GA,5,2020,4
434,GA,7,2021,4
435,GA,8,2017,4
436,GA,8,2020,4
437,GA,9,2019,4
438,GA,10,2015,4
439,GA,11,2021,4
440,GA,12,2018,4
441,ID,2,2021,4
442,IL,2,2019,4
443,IL,4,2021,4
444,IL,5,2016,4
445,IL,5,2019,4
446,IL,6,2018,4
447,IL,7,2017,4
448,IL,7,2021,4
449,IL,7,2022,4
450,IL,11,2016,4
451,IN,1,2021,4
452,IN,4,2019,4
453,IN,5,2020,4
454,IN,6,2015,4
455,IN,11,2020,4
456,KS,6,2021,4
457,KS,8,2017,4
458,KY,3,2018,4
459,KY,8,2019,4
460,KY,11,2017,4
461,KY,12,2021,4
462,LA,2,2022,4
463,LA,7,2016,4
464,LA,11,2017,4
465,MA,11,2021,4
466,MD,3,2016,4
467,MI,4,2022,4
468,MI,7,2020,4
469,MI,11,2018,4
470,MI,12,2021,4
471,MO,1,2018,4
472,MO,1,2019,4
473,MO,1,2020,4
474,MO,1,2022,4
475,MO,2,2015,4
476,MO,2,2020,4
477,MO,6,2018,4
478,MO,6,2020,4
479,MO,6,2021,4
480,MS,9,2021,4
481,NC,1,2020,4
482,NC,2,2015,4
483,NC,5,2020,4
484,NC,5,2022,4
485,NC,6,2021,4
486,NC,6,2022,4
487,NC,8,2016,4
488,NJ,8,2017,4
489,NM,2,2021,4
490,NM,6,2021,4
491,NM,8,2020,4
492,NV,4,2020,4
493,NV,6,2020,4
494,NV,7,2015,4
495,NV,8,2015,4
496,NV,10,2021,4
497,NY,4,2016,4
498,NY,6,2020,4
499,NY,9,2019,4
500,NY,10,2019,4
501,NY,12,2019,4
502,OH,1,2020,4
503,OH,3,2015,4
504,OH,3,2021,4
505,OH,4,2021,4
506,OH,6,2018,4
507,OH,7,2021,4
508,OH,8,2016,4
509,OH,8,2017,4
510,OH,9,2016,4
511,OH,10,2016,4
512,OH,12,2015,4
513,OH,12,2021,4
514,OK,2,2017,4
515,OK,2,2018,4
516,OK,3,2018,4
517,OK,4,2022,4
518,OK,5,2018,4
519,OK,5,2022,4
520,OK,6,2020,4
521,OK,7,2016,4
522,OK,9,2019,4
523,OK,12,2019,4
524,OR,1,2016,4
525,OR,1,2019,4
526,OR,5,2016,4
527,OR,12,2016,4
528,PA,2,2021,4
529,PA,3,2016,4
530,PA,3,2018,4
531,PA,3,2020,4
532,PA,3,2022,4
533,PA,7,2019,4
534,PA,8,2018,4
535,PA,10,2021,4
536,PA,11,2016,4
537,PA,12,2016,4
538,PA,12,2017,4
539,SC,4,2015,4
540,SC,5,2022,4
541,SC,8,2016,4
542,SC,11,2015,4
543,TN,1,2016,4
544,TN,3,2017,4
545,TN,4,2019,4
546,TN,5,2020,4
547,TN,5,2021,4
548,TN,6,2020,4
549,TN,7,2020,4
550,TN,8,2019,4
551,TN,8,2021,4
552,TN,9,2016,4
553,TN,10,2020,4
554,TX,1,2022,4
555,TX,3,2015,4
556,TX,3,2017,4
557,TX,5,2016,4
558,TX,6,2016,4
559,TX,7,2017,4
560,TX,8,2016,4
561,TX,9,2020,4
562,TX,11,2019,4
563,VA,2,2021,4
564,VA,6,2022,4
565,VA,7,2017,4
566,VA,8,2016,4
567,VA,9,2015,4
568,VA,11,2021,4
569,WA,1,2016,4
570,WA,1,2019,4
571,WA,2,2022,4
572,WA,3,2019,4
573,WA,5,2019,4
574,WA,7,2019,4
575,WA,8,2015,4
576,WA,9,2017,4
577,WA,10,2016,4
578,WA,10,2018,4
579,WA,11,2020,4
580,WI,3,2015,4
581,WI,4,2016,4
582,WI,5,2018,4
583,WI,7,2016,4
584,WI,11,2019,4
585,AK,1,2020,3
586,AK,3,2018,3
587,AL,1,2020,3
588,AL,2,2020,3
589,AL,2,2021,3
590,AL,2,2022,3
591,AL,3,2015,3
592,AL,3,2018,3
593,AL,3,2022,3
594,AL,4,2021,3
595,AL,5,2020,3
596,AL,5,2022,3
597,AL,6,2021,3
598,AL,7,2021,3
599,AL,8,2017,3
600,AL,8,2022,3
601,AL,10,2015,3
602,AL,10,2016,3
603,AL,12,2017,3
604,AR,1,2018,3
605,AR,3,2021,3
606,AR,5,2020,3
607,AR,6,2019,3
608,AR,6,2020,3
609,AR,8,2018,3
610,AR,8,2019,3
611,AR,12,2016,3
612,AR,12,2018,3
613,AZ,1,2016,3
614,AZ,3,2016,3
615,AZ,3,2017,3
616,AZ,4,2019,3
617,AZ,4,2020,3
618,AZ,4,2021,3
619,AZ,4,2022,3
620,AZ,5,2015,3
621,AZ,6,2017,3
622,AZ,7,2015,3
623,AZ,7,2020,3
624,AZ,7,2021,3
625,AZ,7,2022,3
626,AZ,8,2020,3
627,AZ,9,2017,3
628,AZ,9,2018,3
629,AZ,10,2018,3
630,AZ,10,2019,3
631,AZ,11,2018,3
632,AZ,11,2019,3
633,AZ,11,2021,3
634,AZ,12,2016,3
635,CO,1,2021,3
636,CO,2,2016,3
637,CO,2,2017,3
638,CO,2,2020,3
639,CO,2,2022,3
640,CO,3,2016,3
641,CO,3,2018,3
642,CO,3,2020,3
643,CO,4,2015,3
644,CO,4,2016,3
645,CO,4,2020,3
646,CO,4,2022,3
647,CO,5,2016,3
648,CO,7,2015,3
649,CO,7,2017,3
650,CO,7,2020,3
651,CO,8,2018,3
652,CO,8,2020,3
653,CO,11,2016,3
654,CO,12,2019,3
655,CT,1,2020,3
656,FL,1,2016,3
657,FL,2,2016,3
658,FL,2,2022,3
659,FL,6,2018,3
660,FL,8,2015,3
661,FL,8,2016,3
662,FL,9,2019,3
663,FL,9,2020,3
664,FL,11,2018,3
665,FL,12,2015,3
666,GA,1,2019,3
667,GA,1,2022,3
668,GA,2,2020,3
669,GA,3,2015,3
670,GA,5,2015,3
671,GA,5,2022,3
672,GA,7,2018,3
673,GA,7,2019,3
674,GA,7,2020,3
675,GA,8,2019,3
676,GA,9,2017,3
677,GA,11,2016,3
678,GA,11,2019,3
679,GA,12,2017,3
680,GA,12,2019,3
681,GA,12,2020,3
682,IA,9,2020,3
683,ID,1,2018,3
684,ID,9,2019,3
685,ID,10,2019,3
686,ID,10,2021,3
687,IL,1,2016,3
688,IL,1,2017,3
689,IL,2,2017,3
690,IL,3,2016,3
691,IL,3,2022,3
692,IL,4,2016,3
693,IL,4,2022,3
694,IL,5,2021,3
695,IL,6,2017,3
696,IL,7,2015,3
697,IL,7,2016,3
698,IL,8,2021,3
699,IL,10,2020,3
700,IL,12,2021,3
701,IN,2,2017,3
702,IN,2,2018,3
703,IN,3,2021,3
704,IN,4,2015,3
705,IN,4,2016,3
706,IN,6,2020,3
707,IN,7,2020,3
708,IN,8,2015,3
709,IN,8,2017,3
710,IN,8,2019,3
711,IN,9,2015,3
712,IN,10,2020,3
713,IN,11,2021,3
714,IN,12,2016,3
715,IN,12,2020,3
716,KS,8,2019,3
717,KY,2,2017,3
718,KY,2,2021,3
719,KY,3,2016,3
720,KY,5,2022,3
721,KY,6,2016,3
722,KY,6,2020,3
723,KY,6,2021,3
724,KY,9,2018,3
725,KY,9,2021,3
726,KY,10,2015,3
727,KY,10,2016,3
728,KY,10,2017,3
729,KY,10,2020,3
730,KY,10,2021,3
731,LA,1,2022,3
732,LA,2,2016,3
733,LA,2,2019,3
734,LA,2,2020,3
735,LA,3,2019,3
736,LA,4,2015,3
737,LA,7,2015,3
738,LA,9,2021,3
739,LA,10,2015,3
740,LA,11,2021,3
741,LA,12,2021,3
742,MA,10,2016,3
743,MD,2,2021,3
744,MD,3,2015,3
745,MD,3,2017,3
746,MD,3,2019,3
747,MD,5,2019,3
748,MD,6,2019,3
749,MD,7,2021,3
750,MD,11,2020,3
751,MD,12,2016,3
752,ME,2,2017,3
753,MI,2,2015,3
754,MI,2,2022,3
755,MI,3,2019,3
756,MI,3,2022,3
757,MI,5,2015,3
758,MI,5,2018,3
759,MI,6,2021,3
760,MI,10,2020,3
761,MI,10,2021,3
762,MI,11,2017,3
763,MI,12,2020,3
764,MN,1,2015,3
765,MN,4,2022,3
766,MN,11,2015,3
767,MO,2,2016,3
768,MO,3,2018,3
769,MO,3,2019,3
770,MO,3,2022,3
771,MO,5,2016,3
772,MO,5,2017,3
773,MO,5,2021,3
774,MO,5,2022,3
775,MO,6,2017,3
776,MO,8,2017,3
777,MO,8,2019,3
778,MO,9,2019,3
779,MO,10,2017,3
780,MO,10,2021,3
781,MO,11,2016,3
782,MO,11,2019,3
783,MO,11,2021,3
784,MS,2,2019,3
785,MS,2,2021,3
786,MS,6,2016,3
787,MS,6,2017,3
788,MS,6,2021,3
789,MS,7,2022,3
790,MS,8,2021,3
791,MS,10,2015,3
792,MS,11,2021,3
793,MT,4,2018,3
794,NC,1,2016,3
795,NC,1,2019,3
796,NC,1,2022,3
797,NC,2,2016,3
798,NC,2,2022,3
799,NC,3,2015,3
800,NC,3,2016,3
801,NC,4,2018,3
802,NC,4,2019,3
803,NC,6,2016,3
804,NC,7,2016,3
805,NC,7,2020,3
806,NC,8,2019,3
807,NC,9,2017,3
808,NC,9,2020,3
809,NC,10,2019,3
810,NC,11,2016,3
811,NC,12,2016,3
812,NC,12,2019,3
813,NJ,1,2019,3
814,NJ,3,2017,3
815,NJ,4,2017,3
816,NJ,5,2015,3
817,NJ,7,2019,3
818,NJ,9,2016,3
819,NJ,12,2019,3
820,NM,2,2016,3
821,NM,3,2016,3
822,NM,3,2022,3
823,NM,5,2016,3
824,NM,5,2019,3
825,NM,6,2016,3
826,NM,6,2018,3
827,NM,6,2022,3
828,NM,7,2015,3
829,NM,7,2019,3
830,NM,8,2019,3
831,NM,8,2022,3
832,NM,9,2015,3
833,NM,9,2021,3
834,NM,10,2019,3
835,NM,10,2020,3
836,NM,11,2019,3
837,NM,12,2015,3
838,NM,12,2018,3
839,NV,1,2018,3
840,NV,1,2020,3
841,NV,2,2020,3
842,NV,6,2017,3
843,NV,8,2018,3
844,NV,9,2018,3
845,NV,10,2018,3
846,NV,11,2015,3
847,NV,11,2017,3
848,NV,12,2015,3
849,NV,12,2018,3
850,NY,1,2017,3
851,NY,3,2020,3
852,NY,4,2018,3
853,NY,4,2019,3
854,NY,5,2015,3
855,NY,6,2018,3
856,NY,7,2016,3
857,NY,7,2017,3
858,NY,8,2015,3
859,NY,9,2018,3
860,NY,10,2021,3
861,NY,12,2018,3
862,NY,12,2020,3
863,NY,12,2021,3
864,OH,1,2018,3
865,OH,1,2021,3
866,OH,2,2018,3
867,OH,2,2019,3
868,OH,4,2022,3
869,OH,6,2015,3
870,OH,6,2016,3
871,OH,6,2019,3
872,OH,7,2015,3
873,OH,7,2019,3
874,OH,10,2017,3
875,OH,12,2018,3
876,OK,1,2015,3
877,OK,1,2017,3
878,OK,1,2019,3
879,OK,2,2020,3
880,OK,2,2021,3
881,OK,3,2019,3
882,OK,4,2018,3
883,OK,6,2016,3
884,OK,6,2021,3
885,OK,7,2015,3
886,OK,8,2020,3
887,OK,10,2015,3
888,OK,11,2016,3
889,OK,11,2018,3
890,OK,11,2019,3
891,OK,12,2016,3
892,OR,1,2018,3
893,OR,1,2021,3
894,OR,2,2022,3
895,OR,3,2015,3
896,OR,3,2019,3
897,OR,4,2020,3
898,OR,4,2021,3
899,OR,6,2018,3
900,OR,7,2015,3
901,OR,7,2022,3
902,OR,12,2020,3
903,PA,1,2016,3
904,PA,1,2017,3
905,PA,2,2015,3
906,PA,5,2017,3
907,PA,7,2021,3
908,PA,8,2015,3
909,PA,8,2017,3
910,PA,10,2020,3
911,PA,12,2015,3
912,PA,12,2018,3
913,PA,12,2019,3
914,SC,4,2020,3
915,SC,4,2022,3
916,SC,5,2015,3
917,SC,6,2021,3
918,SC,7,2015,3
919,SC,7,2022,3
920,SC,10,2021,3
921,SD,2,2016,3
922,SD,3,2022,3
923,SD,9,2015,3
924,TN,1,2017,3
925,TN,1,2019,3
926,TN,1,2022,3
927,TN,2,2015,3
928,TN,2,2017,3
929,TN,2,2022,3
930,TN,3,2018,3
931,TN,3,2022,3
932,TN,5,2017,3
933,TN,6,2017,3
934,TN,6,2021,3
935,TN,6,2022,3
936,TN,7,2015,3
937,TN,7,2018,3
938,TN,8,2015,3
939,TN,8,2016,3
940,TN,9,2017,3
941,TN,11,2018,3
942,TN,12,2015,3
943,TN,12,2017,3
944,TN,12,2019,3
945,TN,12,2020,3
946,TX,7,2016,3
947,TX,8,2017,3
948,TX,8,2018,3
949,TX,11,2017,3
950,TX,11,2018,3
951,TX,12,2018,3
952,UT,1,2015,3
953,UT,2,2017,3
954,UT,4,2018,3
955,UT,6,2021,3
956,UT,7,2019,3
957,UT,8,2019,3
958,UT,10,2020,3
959,VA,1,2017,3
960,VA,3,2018,3
961,VA,3,2021,3
962,VA,3,2022,3
963,VA,4,2015,3
964,VA,5,2017,3
965,VA,5,2018,3
966,VA,5,2021,3
967,VA,7,2022,3
968,VA,8,2015,3
969,VA,8,2018,3
970,VA,10,2017,3
971,VA,11,2017,3
972,VA,12,2017,3
973,WA,1,2017,3
974,WA,1,2018,3
975,WA,2,2019,3
976,WA,2,2021,3
977,WA,3,2017,3
978,WA,4,2020,3
979,WA,5,2015,3
980,WA,6,2019,3
981,WA,6,2022,3
982,WA,8,2016,3
983,WA,8,2017,3
984,WA,9,2019,3
985,WA,10,2017,3
986,WA,10,2020,3
987,WA,12,2016,3
988,WA,12,2019,3
989,WI,1,2018,3
990,WI,2,2020,3
991,WI,3,2017,3
992,WI,5,2019,3
993,WI,5,2020,3
994,WI,6,2016,3
995,WI,7,2017,3
996,WI,7,2020,3
997,WI,8,2016,3
998,WI,8,2017,3
999,WI,8,2021,3
1000,WV,2,2018,3
1001,WV,2,2019,3
1002,WV,4,2022,3
1003,WV,10,2020,3
1004,WY,7,2015,3
1005,AK,2,2016,2
1006,AK,3,2019,2
1007,AK,3,2020,2
1008,AK,3,2021,2
1009,AK,8,2021,2
1010,AK,9,2015,2
1011,AK,12,2017,2
1012,AL,1,2019,2
1013,AL,1,2022,2
1014,AL,2,2016,2
1015,AL,2,2018,2
1016,AL,3,2020,2
1017,AL,3,2021,2
1018,AL,4,2016,2
1019,AL,4,2020,2
1020,AL,5,2017,2
1021,AL,6,2017,2
1022,AL,7,2016,2
1023,AL,7,2017,2
1024,AL,7,2019,2
1025,AL,8,2015,2
1026,AL,8,2019,2
1027,AL,9,2015,2
1028,AL,9,2017,2
1029,AL,9,2018,2
1030,AL,10,2020,2
1031,AL,12,2016,2
1032,AL,12,2019,2
1033,AR,1,2015,2
1034,AR,1,2019,2
1035,AR,1,2021,2
1036,AR,2,2016,2
1037,AR,2,2022,2
1038,AR,3,2017,2
1039,AR,3,2020,2
1040,AR,3,2022,2
1041,AR,4,2016,2
1042,AR,4,2017,2
1043,AR,4,2018,2
1044,AR,4,2019,2
1045,AR,5,2018,2
1046,AR,5,2022,2
1047,AR,6,2022,2
1048,AR,7,2018,2
1049,AR,7,2019,2
1050,AR,8,2017,2
1051,AR,10,2019,2
1052,AR,10,2021,2
1053,AR,11,2017,2
1054,AR,12,2017,2
1055,AZ,1,2017,2
1056,AZ,1,2018,2
1057,AZ,2,2017,2
1058,AZ,3,2021,2
1059,AZ,4,2016,2
1060,AZ,5,2020,2
1061,AZ,6,2021,2
1062,AZ,8,2021,2
1063,AZ,8,2022,2
1064,AZ,9,2015,2
1065,AZ,9,2020,2
1066,AZ,9,2021,2
1067,AZ,10,2016,2
1068,AZ,11,2015,2
1069,AZ,12,2017,2
1070,CO,1,2016,2
1071,CO,1,2022,2
1072,CO,3,2015,2
1073,CO,3,2017,2
1074,CO,3,2019,2
1075,CO,3,2021,2
1076,CO,3,2022,2
1077,CO,5,2015,2
1078,CO,5,2017,2
1079,CO,6,2015,2
1080,CO,6,2019,2
1081,CO,8,2017,2
1082,CO,9,2015,2
1083,CO,9,2017,2
1084,CO,9,2018,2
1085,CO,9,2019,2
1086,CO,10,2016,2
1087,CO,10,2018,2
1088,CO,10,2020,2
1089,CO,10,2021,2
1090,CO,11,2017,2
1091,CO,11,2021,2
1092,CO,12,2018,2
1093,CO,12,2020,2
1094,DC,4,2021,2
1095,DC,4,2022,2
1096,DC,8,2021,2
1097,DC,11,2015,2
1098,DE,4,2017,2
1099,DE,12,2017,2
1100,FL,1,2017,2
1101,FL,1,2021,2
1102,FL,2,2019,2
1103,FL,5,2021,2
1104,FL,8,2019,2
1105,FL,9,2021,2
1106,FL,11,2017,2
1107,FL,12,2017,2
1108,GA,2,2016,2
1109,GA,2,2017,2
1110,GA,2,2019,2
1111,GA,2,2021,2
1112,GA,2,2022,2
1113,GA,3,2020,2
1114,GA,4,2015,2
1115,GA,4,2016,2
1116,GA,4,2017,2
1117,GA,4,2019,2
1118,GA,4,2021,2
1119,GA,5,2016,2
1120,GA,5,2017,2
1121,GA,5,2019,2
1122,GA,6,2020,2
1123,GA,7,2017,2
1124,GA,8,2018,2
1125,GA,8,2022,2
1126,GA,9,2016,2
1127,GA,9,2022,2
1128,GA,10,2016,2
1129,GA,10,2017,2
1130,GA,10,2020,2
1131,GA,10,2021,2
1132,GA,11,2017,2
1133,GA,11,2020,2
1134,GA,12,2016,2
1135,HI,2,2016,2
1136,HI,2,2019,2
1137,HI,4,2021,2
1138,HI,6,2016,2
1139,HI,6,2018,2
1140,HI,6,2021,2
1141,HI,7,2018,2
1142,HI,8,2021,2
1143,HI,9,2018,2
1144,HI,10,2018,2
1145,HI,12,2018,2
1146,HI,12,2019,2
1147,IA,1,2015,2
1148,IA,2,2021,2
1149,IA,4,2018,2
1150,IA,6,2016,2
1151,IA,7,2018,2
1152,IA,7,2019,2
1153,IA,8,2022,2
1154,IA,10,2021,2
1155,IA,11,2017,2
1156,IA,11,2021,2
1157,ID,1,2022,2
1158,ID,3,2018,2
1159,ID,5,2018,2
1160,ID,7,2021,2
1161,ID,8,2021,2
1162,ID,11,2018,2
1163,ID,12,2020,2
1164,IL,1,2018,2
1165,IL,1,2020,2
1166,IL,1,2022,2
1167,IL,3,2018,2
1168,IL,5,2015,2
1169,IL,5,2018,2
1170,IL,5,2022,2
1171,IL,6,2016,2
1172,IL,8,2015,2
1173,IL,9,2016,2
1174,IL,9,2017,2
1175,IL,9,2020,2
1176,IL,10,2015,2
1177,IL,10,2021,2
1178,IL,11,2017,2
1179,IL,12,2015,2
1180,IN,1,2017,2
1181,IN,1,2018,2
1182,IN,1,2019,2
1183,IN,1,2020,2
1184,IN,2,2015,2
1185,IN,2,2021,2
1186,IN,3,2016,2
1187,IN,3,2018,2
1188,IN,3,2022,2
1189,IN,4,2017,2
1190,IN,4,2018,2
1191,IN,4,2020,2
1192,IN,5,2018,2
1193,IN,5,2021,2
1194,IN,7,2019,2
1195,IN,7,2022,2
1196,IN,8,2021,2
1197,IN,9,2017,2
1198,IN,9,2021,2
1199,IN,10,2016,2
1200,IN,10,2019,2
1201,IN,10,2021,2
1202,IN,12,2015,2
1203,IN,12,2017,2
1204,IN,12,2018,2
1205,IN,12,2019,2
1206,KS,1,2015,2
1207,KS,1,2019,2
1208,KS,3,2016,2
1209,KS,5,2019,2
1210,KS,5,2022,2
1211,KS,7,2015,2
1212,KS,11,2016,2
1213,KS,11,2018,2
1214,KS,12,2016,2
1215,KS,12,2020,2
1216,KY,1,2017,2
1217,KY,1,2018,2
1218,KY,1,2021,2
1219,KY,2,2018,2
1220,KY,3,2017,2
1221,KY,3,2022,2
1222,KY,4,2019,2
1223,KY,5,2015,2
1224,KY,5,2019,2
1225,KY,6,2017,2
1226,KY,6,2019,2
1227,KY,7,2022,2
1228,KY,8,2015,2
1229,KY,8,2016,2
1230,KY,8,2020,2
1231,KY,9,2015,2
1232,KY,11,2018,2
1233,KY,11,2019,2
1234,KY,11,2020,2
1235,KY,12,2015,2
1236,LA,1,2015,2
1237,LA,1,2016,2
1238,LA,1,2017,2
1239,LA,1,2019,2
1240,LA,1,2021,2
1241,LA,3,2015,2
1242,LA,3,2017,2
1243,LA,3,2018,2
1244,LA,3,2020,2
1245,LA,3,2021,2
1246,LA,4,2019,2
1247,LA,4,2020,2
1248,LA,4,2022,2
1249,LA,5,2015,2
1250,LA,5,2018,2
1251,LA,5,2020,2
1252,LA,5,2021,2
1253,LA,5,2022,2
1254,LA,6,2017,2
1255,LA,7,2017,2
1256,LA,7,2019,2
1257,LA,7,2020,2
1258,LA,7,2021,2
1259,LA,8,2017,2
1260,LA,8,2018,2
1261,LA,8,2020,2
1262,LA,8,2022,2
1263,LA,9,2018,2
1264,LA,9,2019,2
1265,LA,9,2020,2
1266,LA,10,2016,2
1267,LA,10,2019,2
1268,LA,10,2021,2
1269,LA,11,2016,2
1270,LA,11,2020,2
1271,MA,1,2022,2
1272,MA,2,2020,2
1273,MA,3,2015,2
1274,MA,3,2016,2
1275,MA,4,2016,2
1276,MA,5,2016,2
1277,MA,6,2015,2
1278,MA,6,2021,2
1279,MA,7,2015,2
1280,MA,11,2020,2
1281,MD,1,2015,2
1282,MD,1,2017,2
1283,MD,1,2018,2
1284,MD,1,2020,2
1285,MD,3,2020,2
1286,MD,4,2020,2
1287,MD,4,2022,2
1288,MD,5,2020,2
1289,MD,5,2021,2
1290,MD,7,2019,2
1291,MD,8,2015,2
1292,MD,8,2018,2
1293,MD,9,2018,2
1294,MD,9,2019,2
1295,MD,10,2015,2
1296,MD,10,2016,2
1297,ME,4,2020,2
1298,ME,5,2017,2
1299,ME,5,2018,2
1300,ME,5,2019,2
1301,ME,6,2022,2
1302,ME,10,2021,2
1303,MI,1,2016,2
1304,MI,1,2018,2
1305,MI,2,2021,2
1306,MI,3,2017,2
1307,MI,3,2018,2
1308,MI,4,2019,2
1309,MI,4,2021,2
1310,MI,5,2017,2
1311,MI,5,2021,2
1312,MI,6,2016,2
1313,MI,6,2022,2
1314,MI,7,2016,2
1315,MI,7,2021,2
1316,MI,8,2017,2
1317,MI,8,2020,2
1318,MI,8,2021,2
1319,MI,9,2016,2
1320,MI,9,2020,2
1321,MI,10,2015,2
1322,MI,10,2016,2
1323,MI,10,2019,2
1324,MI,12,2015,2
1325,MN,1,2017,2
1326,MN,1,2018,2
1327,MN,1,2019,2
1328,MN,3,2016,2
1329,MN,4,2021,2
1330,MN,5,2016,2
1331,MN,7,2017,2
1332,MN,7,2022,2
1333,MN,8,2016,2
1334,MN,8,2019,2
1335,MN,9,2015,2
1336,MN,9,2016,2
1337,MN,9,2019,2
1338,MN,10,2016,2
1339,MN,11,2021,2
1340,MN,12,2020,2
1341,MO,1,2015,2
1342,MO,1,2016,2
1343,MO,2,2018,2
1344,MO,2,2022,2
1345,MO,3,2016,2
1346,MO,3,2020,2
1347,MO,4,2015,2
1348,MO,4,2016,2
1349,MO,4,2018,2
1350,MO,4,2020,2
1351,MO,4,2021,2
1352,MO,5,2018,2
1353,MO,5,2020,2
1354,MO,6,2016,2
1355,MO,7,2015,2
1356,MO,7,2018,2
1357,MO,8,2022,2
1358,MO,9,2016,2
1359,MO,9,2021,2
1360,MO,9,2022,2
1361,MO,10,2018,2
1362,MO,10,2019,2
1363,MO,10,2020,2
1364,MO,11,2017,2
1365,MO,12,2018,2
1366,MS,1,2017,2
1367,MS,1,2018,2
1368,MS,2,2015,2
1369,MS,2,2018,2
1370,MS,3,2015,2
1371,MS,3,2016,2
1372,MS,3,2019,2
1373,MS,4,2020,2
1374,MS,5,2019,2
1375,MS,6,2018,2
1376,MS,6,2019,2
1377,MS,7,2019,2
1378,MS,8,2019,2
1379,MS,10,2017,2
1380,MS,10,2021,2
1381,MS,11,2020,2
1382,MS,12,2019,2
1383,MS,12,2021,2
1384,MT,1,2015,2
1385,MT,1,2019,2
1386,MT,5,2017,2
1387,MT,5,2022,2
1388,MT,6,2020,2
1389,MT,11,2017,2
1390,MT,11,2020,2
1391,NC,1,2018,2
1392,NC,2,2018,2
1393,NC,2,2019,2
1394,NC,2,2020,2
1395,NC,3,2017,2
1396,NC,4,2016,2
1397,NC,4,2020,2
1398,NC,4,2021,2
1399,NC,5,2016,2
1400,NC,5,2018,2
1401,NC,5,2019,2
1402,NC,6,2015,2
1403,NC,7,2015,2
1404,NC,7,2021,2
1405,NC,7,2022,2
1406,NC,8,2017,2
1407,NC,8,2018,2
1408,NC,8,2021,2
1409,NC,9,2016,2
1410,NC,9,2018,2
1411,NC,9,2019,2
1412,NC,10,2017,2
1413,NC,10,2021,2
1414,NC,11,2015,2
1415,NC,11,2017,2
1416,NC,12,2015,2
1417,NC,12,2020,2
1418,NC,12,2021,2
1419,ND,7,2018,2
1420,NE,2,2021,2
1421,NE,5,2021,2
1422,NE,6,2021,2
1423,NE,8,2021,2
1424,NE,9,2016,2
1425,NH,6,2017,2
1426,NJ,1,2015,2
1427,NJ,4,2015,2
1428,NJ,4,2016,2
1429,NJ,4,2020,2
1430,NJ,5,2020,2
1431,NJ,6,2015,2
1432,NJ,6,2021,2
1433,NJ,7,2015,2
1434,NJ,7,2016,2
1435,NJ,8,2020,2
1436,NJ,9,2021,2
1437,NJ,11,2015,2
1438,NJ,11,2016,2
1439,NJ,11,2021,2
1440,NJ,12,2021,2
1441,NM,1,2016,2
1442,NM,1,2017,2
1443,NM,1,2018,2
1444,NM,3,2018,2
1445,NM,3,2020,2
1446,NM,4,2021,2
1447,NM,5,2015,2
1448,NM,6,2015,2
1449,NM,6,2019,2
1450,NM,7,2016,2
1451,NM,7,2018,2
1452,NM,7,2022,2
1453,NM,8,2015,2
1454,NM,8,2016,2
1455,NM,8,2017,2
1456,NM,8,2018,2
1457,NM,9,2018,2
1458,NM,10,2018,2
1459,NM,11,2020,2
1460,NM,11,2021,2
1461,NM,12,2017,2
1462,NM,12,2021,2
1463,NV,1,2019,2
1464,NV,2,2022,2
1465,NV,3,2016,2
1466,NV,3,2018,2
1467,NV,3,2019,2
1468,NV,3,2022,2
1469,NV,5,2017,2
1470,NV,5,2020,2
1471,NV,7,2016,2
1472,NV,7,2018,2
1473,NV,8,2016,2
1474,NV,8,2017,2
1475,NV,8,2019,2
1476,NV,8,2020,2
1477,NV,9,2020,2
1478,NV,9,2021,2
1479,NV,10,2016,2
1480,NY,1,2019,2
1481,NY,1,2020,2
1482,NY,1,2022,2
1483,NY,2,2017,2
1484,NY,3,2015,2
1485,NY,3,2016,2
1486,NY,3,2021,2
1487,NY,4,2015,2
1488,NY,4,2021,2
1489,NY,4,2022,2
1490,NY,5,2020,2
1491,NY,5,2021,2
1492,NY,5,2022,2
1493,NY,6,2016,2
1494,NY,6,2019,2
1495,NY,6,2021,2
1496,NY,7,2022,2
1497,NY,8,2019,2
1498,NY,8,2021,2
1499,NY,10,2016,2
1500,NY,10,2017,2
1501,NY,10,2020,2
1502,NY,11,2016,2
1503,NY,11,2017,2
1504,NY,12,2017,2
1505,OH,1,2015,2
1506,OH,1,2017,2
1507,OH,2,2020,2
1508,OH,2,2021,2
1509,OH,3,2017,2
1510,OH,3,2020,2
1511,OH,4,2016,2
1512,OH,4,2018,2
1513,OH,5,2017,2
1514,OH,5,2020,2
1515,OH,7,2018,2
1516,OH,7,2020,2
1517,OH,8,2015,2
1518,OH,8,2019,2
1519,OH,9,2015,2
1520,OH,9,2017,2
1521,OH,9,2019,2
1522,OH,9,2021,2
1523,OH,10,2018,2
1524,OH,11,2015,2
1525,OH,11,2016,2
1526,OH,11,2020,2
1527,OH,12,2019,2
1528,OK,1,2016,2
1529,OK,1,2020,2
1530,OK,1,2021,2
1531,OK,2,2015,2
1532,OK,3,2015,2
1533,OK,3,2017,2
1534,OK,3,2020,2
1535,OK,3,2022,2
1536,OK,4,2017,2
1537,OK,4,2021,2
1538,OK,5,2015,2
1539,OK,5,2016,2
1540,OK,5,2019,2
1541,OK,5,2020,2
1542,OK,5,2021,2
1543,OK,6,2022,2
1544,OK,7,2017,2
1545,OK,7,2018,2
1546,OK,7,2020,2
1547,OK,8,2015,2
1548,OK,9,2017,2
1549,OK,9,2018,2
1550,OK,10,2018,2
1551,OK,11,2015,2
1552,OK,12,2015,2
1553,OK,12,2017,2
1554,OK,12,2018,2
1555,OK,12,2020,2
1556,OR,1,2020,2
1557,OR,1,2022,2
1558,OR,2,2017,2
1559,OR,3,2018,2
1560,OR,3,2020,2
1561,OR,3,2022,2
1562,OR,4,2017,2
1563,OR,4,2019,2
1564,OR,4,2022,2
1565,OR,5,2015,2
1566,OR,5,2020,2
1567,OR,6,2021,2
1568,OR,6,2022,2
1569,OR,7,2017,2
1570,OR,7,2018,2
1571,OR,7,2019,2
1572,OR,7,2021,2
1573,OR,9,2021,2
1574,OR,10,2015,2
1575,OR,10,2018,2
1576,OR,10,2019,2
1577,PA,1,2018,2
1578,PA,1,2022,2
1579,PA,2,2018,2
1580,PA,2,2022,2
1581,PA,3,2019,2
1582,PA,4,2017,2
1583,PA,4,2018,2
1584,PA,4,2020,2
1585,PA,4,2021,2
1586,PA,5,2015,2
1587,PA,5,2018,2
1588,PA,5,2022,2
1589,PA,6,2018,2
1590,PA,7,2020,2
1591,PA,8,2019,2
1592,PA,8,2022,2
1593,PA,9,2016,2
1594,PA,11,2020,2
1595,PA,11,2021,2
1596,PA,12,2020,2
1597,SC,1,2022,2
1598,SC,2,2019,2
1599,SC,2,2021,2
1600,SC,3,2016,2
1601,SC,3,2018,2
1602,SC,3,2019,2
1603,SC,4,2017,2
1604,SC,4,2019,2
1605,SC,5,2016,2
1606,SC,5,2020,2
1607,SC,7,2016,2
1608,SC,7,2020,2
1609,SC,8,2018,2
1610,SC,9,2019,2
1611,SC,9,2021,2
1612,SC,10,2019,2
1613,SC,10,2020,2
1614,SC,11,2016,2
1615,SC,11,2018,2
1616,SC,11,2019,2
1617,SC,12,2021,2
1618,SD,1,2019,2
1619,SD,4,2017,2
1620,SD,7,2022,2
1621,TN,1,2018,2
1622,TN,3,2016,2
1623,TN,3,2020,2
1624,TN,3,2021,2
1625,TN,4,2016,2
1626,TN,4,2020,2
1627,TN,4,2021,2
1628,TN,7,2016,2
1629,TN,8,2017,2
1630,TN,8,2018,2
1631,TN,8,2020,2
1632,TN,9,2015,2
1633,TN,11,2020,2
1634,TN,11,2021,2
1635,TN,12,2016,2
1636,TN,12,2018,2
1637,TX,9,2018,2
1638,TX,9,2022,2
1639,TX,11,2021,2
1640,TX,12,2021,2
1641,UT,2,2020,2
1642,UT,2,2021,2
1643,UT,4,2016,2
1644,UT,5,2018,2
1645,UT,5,2020,2
1646,UT,7,2015,2
1647,UT,8,2015,2
1648,UT,8,2021,2
1649,UT,9,2020,2
1650,UT,12,2019,2
1651,UT,12,2021,2
1652,VA,1,2021,2
1653,VA,2,2016,2
1654,VA,2,2019,2
1655,VA,4,2016,2
1656,VA,5,2015,2
1657,VA,5,2019,2
1658,VA,6,2016,2
1659,VA,6,2021,2
1660,VA,8,2022,2
1661,VA,9,2017,2
1662,VA,11,2020,2
1663,VA,12,2018,2
1664,VT,8,2021,2
1665,WA,1,2020,2
1666,WA,1,2021,2
1667,WA,2,2016,2
1668,WA,2,2017,2
1669,WA,2,2020,2
1670,WA,3,2020,2
1671,WA,4,2017,2
1672,WA,5,2016,2
1673,WA,5,2022,2
1674,WA,6,2016,2
1675,WA,6,2018,2
1676,WA,7,2018,2
1677,WA,7,2020,2
1678,WA,8,2018,2
1679,WA,8,2020,2
1680,WA,9,2016,2
1681,WA,9,2022,2
1682,WA,11,2017,2
1683,WA,11,2021,2
1684,WA,12,2015,2
1685,WA,12,2020,2
1686,WA,12,2021,2
1687,WI,1,2017,2
1688,WI,1,2020,2
1689,WI,2,2017,2
1690,WI,5,2017,2
1691,WI,5,2021,2
1692,WI,6,2017,2
1693,WI,6,2019,2
1694,WI,7,2015,2
1695,WI,8,2018,2
1696,WI,9,2017,2
1697,WI,9,2018,2
1698,WI,9,2019,2
1699,WI,9,2022,2
1700,WI,10,2017,2
1701,WI,10,2018,2
1702,WI,10,2020,2
1703,WI,11,2020,2
1704,WI,12,2019,2
1705,WV,1,2016,2
1706,WV,2,2017,2
1707,WV,3,2015,2
1708,WV,4,2019,2
1709,WV,6,2022,2
1710,WV,8,2016,2
1711,WV,8,2019,2
1712,WV,8,2022,2
1713,WV,9,2015,2
1714,WV,9,2016,2
1715,WV,9,2017,2
1716,WV,9,2021,2
1717,WV,10,2019,2
1718,WV,11,2015,2
1719,WV,11,2016,2
1720,WV,12,2020,2
1721,WY,3,2022,2
1722,WY,6,2016,2
1723,WY,12,2015,2
1724,AK,1,2016,1
1725,AK,2,2015,1
1726,AK,2,2017,1
1727,AK,2,2019,1
1728,AK,2,2020,1
1729,AK,2,2022,1
1730,AK,3,2017,1
1731,AK,3,2022,1
1732,AK,4,2019,1
1733,AK,5,2017,1
1734,AK,5,2021,1
1735,AK,6,2016,1
1736,AK,6,2017,1
1737,AK,6,2018,1
1738,AK,6,2019,1
1739,AK,6,2020,1
1740,AK,6,2021,1
1741,AK,6,2022,1
1742,AK,7,2016,1
1743,AK,7,2018,1
1744,AK,8,2016,1
1745,AK,8,2018,1
1746,AK,8,2019,1
1747,AK,9,2022,1
1748,AK,10,2015,1
1749,AK,10,2017,1
1750,AK,10,2020,1
1751,AK,10,2021,1
1752,AK,11,2016,1
1753,AK,11,2017,1
1754,AK,11,2018,1
1755,AK,12,2019,1
1756,AK,12,2020,1
1757,AL,1,2017,1
1758,AL,1,2018,1
1759,AL,2,2017,1
1760,AL,3,2016,1
1761,AL,4,2018,1
1762,AL,5,2015,1
1763,AL,5,2016,1
1764,AL,5,2019,1
1765,AL,6,2015,1
1766,AL,6,2019,1
1767,AL,6,2022,1
1768,AL,7,2015,1
1769,AL,8,2021,1
1770,AL,9,2016,1
1771,AL,9,2022,1
1772,AL,10,2019,1
1773,AL,10,2021,1
1774,AL,11,2016,1
1775,AL,11,2020,1
1776,AR,1,2016,1
1777,AR,1,2020,1
1778,AR,1,2022,1
1779,AR,2,2017,1
1780,AR,2,2019,1
1781,AR,2,2020,1
1782,AR,2,2021,1
1783,AR,3,2016,1
1784,AR,3,2018,1
1785,AR,3,2019,1
1786,AR,4,2015,1
1787,AR,4,2022,1
1788,AR,5,2015,1
1789,AR,6,2016,1
1790,AR,6,2018,1
1791,AR,7,2015,1
1792,AR,7,2017,1
1793,AR,7,2022,1
1794,AR,8,2020,1
1795,AR,8,2022,1
1796,AR,9,2016,1
1797,AR,9,2018,1
1798,AR,9,2019,1
1799,AR,10,2018,1
1800,AR,11,2018,1
1801,AZ,2,2019,1
1802,AZ,6,2015,1
1803,AZ,6,2019,1
1804,AZ,6,2020,1
1805,AZ,8,2017,1
1806,AZ,8,2019,1
1807,AZ,9,2019,1
1808,AZ,9,2022,1
1809,AZ,10,2015,1
1810,AZ,10,2021,1
1811,AZ,12,2021,1
1812,CA,9,2022,1
1813,CO,1,2017,1
1814,CO,2,2015,1
1815,CO,5,2019,1
1816,CO,5,2022,1
1817,CO,7,2021,1
1818,CO,8,2015,1
1819,CO,8,2022,1
1820,CO,9,2022,1
1821,CO,10,2015,1
1822,CO,10,2019,1
1823,CO,11,2020,1
1824,CT,1,2017,1
1825,CT,1,2021,1
1826,CT,2,2016,1
1827,CT,2,2019,1
1828,CT,2,2021,1
1829,CT,3,2016,1
1830,CT,4,2017,1
1831,CT,4,2019,1
1832,CT,4,2020,1
1833,CT,5,2017,1
1834,CT,6,2016,1
1835,CT,7,2019,1
1836,CT,8,2015,1
1837,CT,8,2017,1
1838,CT,9,2019,1
1839,CT,10,2015,1
1840,CT,12,2017,1
1841,CT,12,2018,1
1842,CT,12,2020,1
1843,DC,1,2021,1
1844,DC,2,2016,1
1845,DC,2,2017,1
1846,DC,3,2015,1
1847,DC,5,2017,1
1848,DC,5,2021,1
1849,DC,6,2016,1
1850,DC,6,2018,1
1851,DC,7,2016,1
1852,DC,7,2022,1
1853,DC,9,2016,1
1854,DC,9,2019,1
1855,DC,9,2020,1
1856,DC,10,2015,1
1857,DC,10,2021,1
1858,DC,12,2016,1
1859,DE,1,2017,1
1860,DE,1,2020,1
1861,DE,1,2021,1
1862,DE,3,2015,1
1863,DE,3,2017,1
1864,DE,3,2021,1
1865,DE,3,2022,1
1866,DE,5,2015,1
1867,DE,6,2016,1
1868,DE,8,2019,1
1869,DE,9,2015,1
1870,DE,11,2019,1
1871,DE,12,2020,1
1872,FL,1,2015,1
1873,FL,1,2019,1
1874,FL,6,2021,1
1875,FL,7,2016,1
1876,GA,3,2016,1
1877,GA,3,2017,1
1878,GA,3,2018,1
1879,GA,6,2015,1
1880,GA,6,2017,1
1881,GA,7,2016,1
1882,GA,8,2016,1
1883,GA,9,2015,1
1884,GA,9,2018,1
1885,GA,11,2018,1
1886,GA,12,2015,1
1887,HI,1,2017,1
1888,HI,1,2019,1
1889,HI,1,2020,1
1890,HI,2,2017,1
1891,HI,3,2019,1
1892,HI,4,2017,1
1893,HI,5,2015,1
1894,HI,7,2016,1
1895,HI,8,2015,1
1896,HI,11,2018,1
1897,HI,11,2019,1
1898,HI,12,2016,1
1899,HI,12,2020,1
1900,IA,1,2018,1
1901,IA,1,2022,1
1902,IA,2,2016,1
1903,IA,3,2019,1
1904,IA,3,2020,1
1905,IA,4,2020,1
1906,IA,6,2015,1
1907,IA,6,2017,1
1908,IA,6,2022,1
1909,IA,7,2017,1
1910,IA,8,2018,1
1911,IA,8,2020,1
1912,IA,8,2021,1
1913,IA,9,2015,1
1914,IA,9,2016,1
1915,IA,9,2018,1
1916,IA,9,2019,1
1917,IA,9,2021,1
1918,IA,10,2015,1
1919,IA,10,2017,1
1920,IA,10,2018,1
1921,IA,12,2016,1
1922,IA,12,2018,1
1923,IA,12,2019,1
1924,IA,12,2021,1
1925,ID,1,2015,1
1926,ID,1,2017,1
1927,ID,2,2015,1
1928,ID,2,2018,1
1929,ID,2,2020,1
1930,ID,2,2022,1
1931,ID,3,2015,1
1932,ID,3,2016,1
1933,ID,3,2017,1
1934,ID,3,2020,1
1935,ID,4,2015,1
1936,ID,4,2016,1
1937,ID,4,2021,1
1938,ID,5,2017,1
1939,ID,6,2016,1
1940,ID,6,2018,1
1941,ID,6,2020,1
1942,ID,6,2022,1
1943,ID,7,2017,1
1944,ID,7,2018,1
1945,ID,8,2015,1
1946,ID,8,2016,1
1947,ID,8,2020,1
1948,ID,9,2016,1
1949,ID,9,2017,1
1950,ID,9,2018,1
1951,ID,11,2015,1
1952,ID,11,2016,1
1953,ID,11,2019,1
1954,ID,11,2021,1
1955,ID,12,2015,1
1956,ID,12,2017,1
1957,IL,1,2015,1
1958,IL,1,2021,1
1959,IL,2,2018,1
1960,IL,2,2020,1
1961,IL,2,2021,1
1962,IL,3,2015,1
1963,IL,3,2017,1
1964,IL,3,2019,1
1965,IL,4,2018,1
1966,IL,4,2019,1
1967,IL,6,2015,1
1968,IL,6,2020,1
1969,IL,6,2022,1
1970,IL,7,2020,1
1971,IL,8,2017,1
1972,IL,8,2018,1
1973,IL,8,2019,1
1974,IL,8,2020,1
1975,IL,8,2022,1
1976,IL,9,2015,1
1977,IL,9,2021,1
1978,IL,9,2022,1
1979,IL,10,2016,1
1980,IL,10,2019,1
1981,IL,11,2018,1
1982,IL,11,2019,1
1983,IL,11,2020,1
1984,IL,11,2021,1
1985,IL,12,2016,1
1986,IL,12,2018,1
1987,IL,12,2020,1
1988,IN,1,2015,1
1989,IN,1,2022,1
1990,IN,2,2020,1
1991,IN,2,2022,1
1992,IN,3,2015,1
1993,IN,3,2017,1
1994,IN,5,2016,1
1995,IN,5,2022,1
1996,IN,6,2016,1
1997,IN,6,2017,1
1998,IN,6,2018,1
1999,IN,6,2019,1
2000,IN,6,2021,1
2001,IN,7,2016,1
2002,IN,7,2017,1
2003,IN,8,2018,1
2004,IN,9,2018,1
2005,IN,10,2017,1
2006,IN,10,2018,1
2007,IN,11,2016,1
2008,IN,11,2017,1
2009,IN,11,2018,1
2010,IN,12,2021,1
2011,KS,1,2018,1
2012,KS,1,2021,1
2013,KS,2,2015,1
2014,KS,2,2016,1
2015,KS,2,2017,1
2016,KS,2,2018,1
2017,KS,2,2020,1
2018,KS,2,2022,1
2019,KS,3,2015,1
2020,KS,3,2017,1
2021,KS,3,2021,1
2022,KS,3,2022,1
2023,KS,4,2015,1
2024,KS,4,2016,1
2025,KS,4,2017,1
2026,KS,4,2022,1
2027,KS,5,2018,1
2028,KS,5,2020,1
2029,KS,5,2021,1
2030,KS,6,2015,1
2031,KS,6,2017,1
2032,KS,6,2020,1
2033,KS,6,2022,1
2034,KS,7,2017,1
2035,KS,7,2018,1
2036,KS,7,2019,1
2037,KS,8,2015,1
2038,KS,8,2016,1
2039,KS,8,2021,1
2040,KS,9,2016,1
2041,KS,9,2017,1
2042,KS,9,2020,1
2043,KS,9,2021,1
2044,KS,10,2017,1
2045,KS,10,2020,1
2046,KS,10,2021,1
2047,KS,11,2021,1
2048,KS,12,2017,1
2049,KS,12,2018,1
2050,KS,12,2019,1
2051,KY,1,2015,1
2052,KY,1,2016,1
2053,KY,1,2020,1
2054,KY,1,2022,1
2055,KY,2,2016,1
2056,KY,2,2019,1
2057,KY,2,2022,1
2058,KY,3,2015,1
2059,KY,3,2019,1
2060,KY,3,2021,1
2061,KY,4,2015,1
2062,KY,4,2020,1
2063,KY,4,2021,1
2064,KY,4,2022,1
2065,KY,5,2016,1
2066,KY,5,2018,1
2067,KY,5,2020,1
2068,KY,5,2021,1
2069,KY,6,2015,1
2070,KY,6,2022,1
2071,KY,7,2015,1
2072,KY,7,2016,1
2073,KY,7,2018,1
2074,KY,7,2020,1
2075,KY,7,2021,1
2076,KY,8,2017,1
2077,KY,8,2022,1
2078,KY,9,2016,1
2079,KY,9,2020,1
2080,KY,10,2019,1
2081,KY,11,2016,1
2082,KY,11,2021,1
2083,KY,12,2016,1
2084,LA,2,2015,1
2085,LA,2,2017,1
2086,LA,2,2021,1
2087,LA,3,2016,1
2088,LA,4,2016,1
2089,LA,4,2017,1
2090,LA,4,2021,1
2091,LA,5,2016,1
2092,LA,5,2017,1
2093,LA,5,2019,1
2094,LA,6,2016,1
2095,LA,6,2018,1
2096,LA,6,2019,1
2097,LA,6,2020,1
2098,LA,6,2021,1
2099,LA,7,2018,1
2100,LA,8,2016,1
2101,LA,8,2019,1
2102,LA,9,2017,1
2103,LA,10,2017,1
2104,LA,10,2020,1
2105,LA,11,2015,1
2106,LA,12,2016,1
2107,LA,12,2019,1
2108,LA,12,2020,1
2109,MA,1,2015,1
2110,MA,1,2016,1
2111,MA,1,2021,1
2112,MA,2,2015,1
2113,MA,2,2016,1
2114,MA,2,2018,1
2115,MA,2,2019,1
2116,MA,2,2022,1
2117,MA,3,2021,1
2118,MA,3,2022,1
2119,MA,4,2020,1
2120,MA,4,2021,1
2121,MA,5,2021,1
2122,MA,5,2022,1
2123,MA,6,2019,1
2124,MA,7,2017,1
2125,MA,8,2019,1
2126,MA,8,2021,1
2127,MA,9,2017,1
2128,MA,9,2019,1
2129,MA,10,2015,1
2130,MA,10,2018,1
2131,MA,11,2016,1
2132,MA,11,2017,1
2133,MA,11,2018,1
2134,MA,11,2019,1
2135,MA,12,2020,1
2136,MD,1,2016,1
2137,MD,1,2019,1
2138,MD,1,2021,1
2139,MD,1,2022,1
2140,MD,2,2015,1
2141,MD,2,2016,1
2142,MD,2,2017,1
2143,MD,2,2018,1
2144,MD,2,2019,1
2145,MD,2,2020,1
2146,MD,2,2022,1
2147,MD,3,2021,1
2148,MD,4,2016,1
2149,MD,4,2021,1
2150,MD,5,2015,1
2151,MD,5,2018,1
2152,MD,5,2022,1
2153,MD,6,2015,1
2154,MD,6,2017,1
2155,MD,6,2018,1
2156,MD,6,2022,1
2157,MD,7,2016,1
2158,MD,7,2017,1
2159,MD,7,2018,1
2160,MD,7,2022,1
2161,MD,8,2016,1
2162,MD,8,2019,1
2163,MD,8,2020,1
2164,MD,8,2021,1
2165,MD,9,2015,1
2166,MD,9,2016,1
2167,MD,9,2021,1
2168,MD,10,2017,1
2169,MD,10,2018,1
2170,MD,10,2019,1
2171,MD,10,2020,1
2172,MD,10,2021,1
2173,MD,11,2015,1
2174,MD,11,2018,1
2175,MD,11,2019,1
2176,MD,11,2021,1
2177,MD,12,2015,1
2178,MD,12,2019,1
2179,MD,12,2021,1
2180,ME,1,2017,1
2181,ME,2,2015,1
2182,ME,2,2020,1
2183,ME,2,2021,1
2184,ME,2,2022,1
2185,ME,3,2017,1
2186,ME,4,2021,1
2187,ME,5,2016,1
2188,ME,6,2017,1
2189,ME,7,2017,1
2190,ME,7,2021,1
2191,ME,7,2022,1
2192,ME,9,2021,1
2193,ME,11,2016,1
2194,ME,11,2018,1
2195,ME,12,2015,1
2196,ME,12,2019,1
2197,ME,12,2020,1
2198,MI,1,2015,1
2199,MI,1,2017,1
2200,MI,1,2019,1
2201,MI,1,2021,1
2202,MI,2,2017,1
2203,MI,2,2019,1
2204,MI,2,2020,1
2205,MI,3,2021,1
2206,MI,4,2015,1
2207,MI,4,2016,1
2208,MI,4,2017,1
2209,MI,5,2020,1
2210,MI,6,2018,1
2211,MI,6,2019,1
2212,MI,7,2015,1
2213,MI,7,2017,1
2214,MI,7,2019,1
2215,MI,7,2022,1
2216,MI,8,2015,1
2217,MI,8,2016,1
2218,MI,8,2022,1
2219,MI,9,2015,1
2220,MI,9,2018,1
2221,MI,9,2021,1
2222,MI,10,2018,1
2223,MI,11,2015,1
2224,MI,11,2019,1
2225,MI,11,2020,1
2226,MI,11,2021,1
2227,MI,12,2017,1
2228,MI,12,2019,1
2229,MN,1,2021,1
2230,MN,2,2016,1
2231,MN,2,2019,1
2232,MN,2,2020,1
2233,MN,2,2022,1
2234,MN,3,2015,1
2235,MN,3,2017,1
2236,MN,3,2020,1
2237,MN,4,2016,1
2238,MN,4,2017,1
2239,MN,4,2018,1
2240,MN,4,2019,1
2241,MN,4,2020,1
2242,MN,5,2015,1
2243,MN,5,2019,1
2244,MN,6,2018,1
2245,MN,6,2021,1
2246,MN,7,2015,1
2247,MN,7,2016,1
2248,MN,7,2018,1
2249,MN,7,2019,1
2250,MN,7,2020,1
2251,MN,7,2021,1
2252,MN,8,2015,1
2253,MN,8,2018,1
2254,MN,8,2022,1
2255,MN,9,2020,1
2256,MN,10,2017,1
2257,MN,10,2018,1
2258,MN,10,2020,1
2259,MN,11,2017,1
2260,MN,12,2016,1
2261,MN,12,2017,1
2262,MN,12,2019,1
2263,MN,12,2021,1
2264,MO,1,2021,1
2265,MO,2,2019,1
2266,MO,2,2021,1
2267,MO,3,2015,1
2268,MO,3,2017,1
2269,MO,4,2019,1
2270,MO,4,2022,1
2271,MO,5,2015,1
2272,MO,5,2019,1
2273,MO,6,2019,1
2274,MO,7,2019,1
2275,MO,7,2020,1
2276,MO,7,2022,1
2277,MO,8,2015,1
2278,MO,8,2016,1
2279,MO,8,2018,1
2280,MO,8,2020,1
2281,MO,8,2021,1
2282,MO,9,2015,1
2283,MO,9,2017,1
2284,MO,9,2020,1
2285,MO,10,2016,1
2286,MO,11,2020,1
2287,MO,12,2015,1
2288,MO,12,2020,1
2289,MS,1,2021,1
2290,MS,2,2016,1
2291,MS,2,2020,1
2292,MS,3,2017,1
2293,MS,3,2018,1
2294,MS,3,2022,1
2295,MS,4,2019,1
2296,MS,5,2016,1
2297,MS,5,2018,1
2298,MS,5,2020,1
2299,MS,6,2020,1
2300,MS,7,2017,1
2301,MS,7,2020,1
2302,MS,7,2021,1
2303,MS,8,2017,1
2304,MS,8,2022,1
2305,MS,9,2017,1
2306,MS,10,2018,1
2307,MS,10,2019,1
2308,MS,10,2020,1
2309,MS,11,2016,1
2310,MS,11,2018,1
2311,MS,11,2019,1
2312,MS,12,2015,1
2313,MS,12,2020,1
2314,MT,1,2016,1
2315,MT,1,2020,1
2316,MT,2,2018,1
2317,MT,2,2021,1
2318,MT,2,2022,1
2319,MT,3,2016,1
2320,MT,3,2020,1
2321,MT,3,2021,1
2322,MT,3,2022,1
2323,MT,4,2019,1
2324,MT,4,2020,1
2325,MT,4,2021,1
2326,MT,5,2020,1
2327,MT,6,2016,1
2328,MT,7,2016,1
2329,MT,7,2021,1
2330,MT,8,2015,1
2331,MT,8,2018,1
2332,MT,8,2021,1
2333,MT,8,2022,1
2334,MT,9,2017,1
2335,MT,9,2019,1
2336,MT,10,2016,1
2337,MT,10,2020,1
2338,MT,10,2021,1
2339,MT,11,2015,1
2340,MT,11,2018,1
2341,MT,11,2019,1
2342,MT,12,2017,1
2343,MT,12,2019,1
2344,MT,12,2020,1
2345,MT,12,2021,1
2346,NC,1,2017,1
2347,NC,1,2021,1
2348,NC,3,2021,1
2349,NC,3,2022,1
2350,NC,4,2015,1
2351,NC,4,2022,1
2352,NC,5,2015,1
2353,NC,5,2017,1
2354,NC,5,2021,1
2355,NC,6,2017,1
2356,NC,6,2018,1
2357,NC,6,2019,1
2358,NC,6,2020,1
2359,NC,7,2017,1
2360,NC,7,2019,1
2361,NC,9,2015,1
2362,NC,9,2022,1
2363,NC,10,2016,1
2364,NC,10,2018,1
2365,NC,10,2020,1
2366,NC,11,2020,1
2367,ND,1,2017,1
2368,ND,1,2020,1
2369,ND,2,2018,1
2370,ND,2,2020,1
2371,ND,3,2016,1
2372,ND,3,2018,1
2373,ND,3,2021,1
2374,ND,4,2017,1
2375,ND,4,2022,1
2376,ND,5,2021,1
2377,ND,6,2015,1
2378,ND,7,2022,1
2379,ND,8,2020,1
2380,ND,8,2022,1
2381,ND,9,2021,1
2382,ND,10,2017,1
2383,NE,1,2015,1
2384,NE,1,2016,1
2385,NE,2,2015,1
2386,NE,2,2020,1
2387,NE,2,2022,1
2388,NE,3,2015,1
2389,NE,3,2019,1
2390,NE,4,2015,1
2391,NE,4,2016,1
2392,NE,4,2019,1
2393,NE,4,2020,1
2394,NE,4,2022,1
2395,NE,5,2015,1
2396,NE,5,2016,1
2397,NE,5,2019,1
2398,NE,6,2015,1
2399,NE,6,2016,1
2400,NE,6,2019,1
2401,NE,8,2018,1
2402,NE,8,2020,1
2403,NE,8,2022,1
2404,NE,10,2019,1
2405,NE,11,2015,1
2406,NE,11,2020,1
2407,NE,11,2021,1
2408,NE,12,2015,1
2409,NE,12,2016,1
2410,NE,12,2019,1
2411,NE,12,2021,1
2412,NH,1,2015,1
2413,NH,2,2022,1
2414,NH,3,2019,1
2415,NH,3,2021,1
2416,NH,4,2020,1
2417,NH,4,2022,1
2418,NH,5,2022,1
2419,NH,6,2016,1
2420,NH,6,2019,1
2421,NH,6,2021,1
2422,NH,6,2022,1
2423,NH,7,2015,1
2424,NH,8,2018,1
2425,NH,9,2015,1
2426,NH,9,2016,1
2427,NH,9,2018,1
2428,NH,10,2020,1
2429,NH,11,2020,1
2430,NH,12,2017,1
2431,NH,12,2020,1
2432,NJ,1,2017,1
2433,NJ,1,2018,1
2434,NJ,1,2020,1
2435,NJ,1,2021,1
2436,NJ,1,2022,1
2437,NJ,2,2016,1
2438,NJ,2,2017,1
2439,NJ,2,2022,1
2440,NJ,3,2018,1
2441,NJ,3,2019,1
2442,NJ,4,2018,1
2443,NJ,4,2021,1
2444,NJ,4,2022,1
2445,NJ,5,2022,1
2446,NJ,6,2016,1
2447,NJ,6,2022,1
2448,NJ,7,2018,1
2449,NJ,7,2020,1
2450,NJ,7,2021,1
2451,NJ,8,2015,1
2452,NJ,8,2019,1
2453,NJ,9,2018,1
2454,NJ,9,2022,1
2455,NJ,10,2015,1
2456,NJ,10,2016,1
2457,NJ,10,2018,1
2458,NJ,10,2019,1
2459,NJ,11,2018,1
2460,NM,1,2015,1
2461,NM,1,2019,1
2462,NM,1,2020,1
2463,NM,1,2021,1
2464,NM,1,2022,1
2465,NM,2,2015,1
2466,NM,2,2017,1
2467,NM,2,2018,1
2468,NM,2,2020,1
2469,NM,3,2021,1
2470,NM,4,2015,1
2471,NM,4,2016,1
2472,NM,4,2017,1
2473,NM,5,2017,1
2474,NM,5,2022,1
2475,NM,6,2017,1
2476,NM,6,2020,1
2477,NM,7,2020,1
2478,NM,8,2021,1
2479,NM,9,2016,1
2480,NM,10,2015,1
2481,NM,10,2017,1
2482,NM,10,2021,1
2483,NM,11,2015,1
2484,NM,11,2018,1
2485,NM,12,2016,1
2486,NM,12,2020,1
2487,NV,1,2015,1
2488,NV,1,2016,1
2489,NV,1,2017,1
2490,NV,1,2022,1
2491,NV,2,2015,1
2492,NV,2,2017,1
2493,NV,3,2015,1
2494,NV,3,2017,1
2495,NV,3,2020,1
2496,NV,4,2016,1
2497,NV,4,2018,1
2498,NV,4,2019,1
2499,NV,5,2016,1
2500,NV,5,2018,1
2501,NV,5,2019,1
2502,NV,5,2021,1
2503,NV,6,2018,1
2504,NV,6,2021,1
2505,NV,7,2017,1
2506,NV,7,2020,1
2507,NV,7,2021,1
2508,NV,7,2022,1
2509,NV,8,2021,1
2510,NV,8,2022,1
2511,NV,9,2015,1
2512,NV,9,2017,1
2513,NV,9,2019,1
2514,NV,10,2015,1
2515,NV,10,2017,1
2516,NV,10,2019,1
2517,NV,10,2020,1
2518,NV,11,2016,1
2519,NV,11,2019,1
2520,NV,11,2020,1
2521,NV,11,2021,1
2522,NV,12,2016,1
2523,NV,12,2020,1
2524,NY,1,2018,1
2525,NY,1,2021,1
2526,NY,2,2015,1
2527,NY,2,2016,1
2528,NY,2,2019,1
2529,NY,2,2020,1
2530,NY,2,2022,1
2531,NY,3,2018,1
2532,NY,5,2016,1
2533,NY,5,2017,1
2534,NY,5,2019,1
2535,NY,6,2022,1
2536,NY,7,2021,1
2537,NY,9,2015,1
2538,NY,9,2017,1
2539,NY,9,2020,1
2540,NY,9,2021,1
2541,NY,10,2015,1
2542,NY,10,2018,1
2543,NY,11,2020,1
2544,NY,11,2021,1
2545,NY,12,2015,1
2546,OH,1,2016,1
2547,OH,1,2019,1
2548,OH,1,2022,1
2549,OH,2,2022,1
2550,OH,3,2018,1
2551,OH,3,2019,1
2552,OH,4,2015,1
2553,OH,5,2015,1
2554,OH,5,2021,1
2555,OH,6,2017,1
2556,OH,6,2020,1
2557,OH,8,2020,1
2558,OH,8,2021,1
2559,OH,9,2022,1
2560,OH,10,2019,1
2561,OH,10,2020,1
2562,OH,10,2021,1
2563,OH,11,2018,1
2564,OH,12,2016,1
2565,OH,12,2017,1
2566,OK,1,2022,1
2567,OK,2,2016,1
2568,OK,2,2019,1
2569,OK,2,2022,1
2570,OK,4,2016,1
2571,OK,4,2019,1
2572,OK,4,2020,1
2573,OK,5,2017,1
2574,OK,6,2015,1
2575,OK,6,2018,1
2576,OK,7,2019,1
2577,OK,7,2021,1
2578,OK,8,2016,1
2579,OK,8,2018,1
2580,OK,8,2021,1
2581,OK,9,2015,1
2582,OK,9,2016,1
2583,OK,9,2021,1
2584,OK,10,2017,1
2585,OK,10,2020,1
2586,OK,10,2021,1
2587,OK,11,2017,1
2588,OK,11,2021,1
2589,OK,12,2021,1
2590,OR,1,2015,1
2591,OR,2,2015,1
2592,OR,2,2016,1
2593,OR,2,2020,1
2594,OR,2,2021,1
2595,OR,3,2021,1
2596,OR,4,2015,1
2597,OR,4,2018,1
2598,OR,5,2017,1
2599,OR,5,2018,1
2600,OR,5,2021,1
2601,OR,5,2022,1
2602,OR,6,2015,1
2603,OR,6,2017,1
2604,OR,6,2019,1
2605,OR,7,2016,1
2606,OR,7,2020,1
2607,OR,8,2019,1
2608,OR,8,2021,1
2609,OR,8,2022,1
2610,OR,9,2017,1
2611,OR,9,2018,1
2612,OR,9,2019,1
2613,OR,10,2016,1
2614,OR,10,2017,1
2615,OR,10,2020,1
2616,OR,11,2015,1
2617,OR,11,2017,1
2618,OR,11,2018,1
2619,OR,11,2019,1
2620,OR,11,2020,1
2621,OR,12,2017,1
2622,OR,12,2019,1
2623,OR,12,2021,1
2624,PA,1,2015,1
2625,PA,1,2020,1
2626,PA,2,2016,1
2627,PA,2,2017,1
2628,PA,2,2019,1
2629,PA,3,2017,1
2630,PA,3,2021,1
2631,PA,4,2015,1
2632,PA,4,2016,1
2633,PA,4,2022,1
2634,PA,5,2016,1
2635,PA,5,2020,1
2636,PA,5,2021,1
2637,PA,6,2015,1
2638,PA,6,2016,1
2639,PA,6,2017,1
2640,PA,6,2020,1
2641,PA,6,2021,1
2642,PA,6,2022,1
2643,PA,7,2015,1
2644,PA,7,2018,1
2645,PA,7,2022,1
2646,PA,8,2016,1
2647,PA,9,2015,1
2648,PA,9,2018,1
2649,PA,9,2019,1
2650,PA,9,2020,1
2651,PA,9,2021,1
2652,PA,9,2022,1
2653,PA,10,2015,1
2654,PA,11,2015,1
2655,PA,11,2019,1
2656,PA,12,2021,1
2657,RI,3,2016,1
2658,RI,4,2022,1
2659,RI,6,2016,1
2660,RI,9,2018,1
2661,RI,11,2017,1
2662,RI,11,2021,1
2663,SC,1,2016,1
2664,SC,1,2018,1
2665,SC,1,2019,1
2666,SC,1,2020,1
2667,SC,1,2021,1
2668,SC,2,2015,1
2669,SC,2,2017,1
2670,SC,2,2018,1
2671,SC,2,2020,1
2672,SC,2,2022,1
2673,SC,3,2015,1
2674,SC,3,2017,1
2675,SC,3,2022,1
2676,SC,5,2017,1
2677,SC,5,2019,1
2678,SC,5,2021,1
2679,SC,6,2016,1
2680,SC,6,2017,1
2681,SC,6,2019,1
2682,SC,6,2020,1
2683,SC,6,2022,1
2684,SC,7,2017,1
2685,SC,7,2018,1
2686,SC,7,2019,1
2687,SC,7,2021,1
2688,SC,8,2015,1
2689,SC,8,2017,1
2690,SC,8,2019,1
2691,SC,8,2020,1
2692,SC,8,2021,1
2693,SC,8,2022,1
2694,SC,9,2016,1
2695,SC,9,2017,1
2696,SC,9,2018,1
2697,SC,10,2015,1
2698,SC,10,2016,1
2699,SC,10,2017,1
2700,SC,10,2018,1
2701,SC,11,2017,1
2702,SC,12,2015,1
2703,SC,12,2016,1
2704,SC,12,2017,1
2705,SC,12,2018,1
2706,SC,12,2019,1
2707,SC,12,2020,1
2708,SD,1,2016,1
2709,SD,3,2018,1
2710,SD,3,2021,1
2711,SD,5,2018,1
2712,SD,5,2020,1
2713,SD,5,2021,1
2714,SD,6,2017,1
2715,SD,8,2022,1
2716,SD,10,2020,1
2717,SD,10,2021,1
2718,SD,11,2018,1
2719,SD,12,2019,1
2720,TN,1,2021,1
2721,TN,2,2016,1
2722,TN,2,2018,1
2723,TN,2,2020,1
2724,TN,2,2021,1
2725,TN,3,2015,1
2726,TN,3,2019,1
2727,TN,4,2015,1
2728,TN,4,2017,1
2729,TN,4,2018,1
2730,TN,5,2015,1
2731,TN,5,2016,1
2732,TN,5,2018,1
2733,TN,5,2022,1
2734,TN,6,2015,1
2735,TN,6,2018,1
2736,TN,7,2019,1
2737,TN,7,2021,1
2738,TN,9,2018,1
2739,TN,9,2020,1
2740,TN,9,2021,1
2741,TN,9,2022,1
2742,TN,10,2015,1
2743,TN,10,2017,1
2744,TN,10,2019,1
2745,TN,11,2015,1
2746,TN,11,2016,1
2747,TN,11,2017,1
2748,TN,11,2019,1
2749,UT,1,2016,1
2750,UT,2,2015,1
2751,UT,2,2016,1
2752,UT,2,2018,1
2753,UT,2,2022,1
2754,UT,3,2018,1
2755,UT,3,2020,1
2756,UT,3,2022,1
2757,UT,4,2019,1
2758,UT,4,2021,1
2759,UT,5,2015,1
2760,UT,6,2016,1
2761,UT,6,2018,1
2762,UT,6,2022,1
2763,UT,7,2017,1
2764,UT,7,2020,1
2765,UT,8,2016,1
2766,UT,8,2017,1
2767,UT,8,2022,1
2768,UT,9,2015,1
2769,UT,9,2016,1
2770,UT,9,2017,1
2771,UT,9,2019,1
2772,UT,9,2021,1
2773,UT,10,2019,1
2774,UT,11,2016,1
2775,UT,11,2019,1
2776,UT,11,2021,1
2777,UT,12,2018,1
2778,UT,12,2020,1
2779,VA,1,2015,1
2780,VA,1,2016,1
2781,VA,1,2018,1
2782,VA,1,2020,1
2783,VA,1,2022,1
2784,VA,2,2018,1
2785,VA,2,2020,1
2786,VA,2,2022,1
2787,VA,3,2015,1
2788,VA,4,2017,1
2789,VA,4,2018,1
2790,VA,4,2020,1
2791,VA,4,2022,1
2792,VA,6,2015,1
2793,VA,6,2017,1
2794,VA,6,2018,1
2795,VA,6,2019,1
2796,VA,6,2020,1
2797,VA,7,2015,1
2798,VA,7,2018,1
2799,VA,7,2019,1
2800,VA,7,2021,1
2801,VA,8,2019,1
2802,VA,8,2021,1
2803,VA,9,2018,1
2804,VA,9,2019,1
2805,VA,9,2020,1
2806,VA,9,2022,1
2807,VA,10,2019,1
2808,VA,10,2020,1
2809,VA,11,2018,1
2810,VA,12,2015,1
2811,VA,12,2019,1
2812,VA,12,2020,1
2813,VA,12,2021,1
2814,VT,1,2018,1
2815,VT,2,2018,1
2816,VT,3,2016,1
2817,VT,5,2019,1
2818,VT,7,2022,1
2819,VT,8,2019,1
2820,VT,8,2022,1
2821,VT,9,2016,1
2822,VT,9,2017,1
2823,VT,10,2019,1
2824,VT,12,2015,1
2825,WA,1,2015,1
2826,WA,2,2015,1
2827,WA,2,2018,1
2828,WA,3,2015,1
2829,WA,3,2016,1
2830,WA,3,2018,1
2831,WA,4,2015,1
2832,WA,4,2016,1
2833,WA,4,2018,1
2834,WA,4,2019,1
2835,WA,4,2022,1
2836,WA,6,2015,1
2837,WA,6,2021,1
2838,WA,7,2015,1
2839,WA,7,2016,1
2840,WA,8,2019,1
2841,WA,8,2021,1
2842,WA,9,2021,1
2843,WA,10,2015,1
2844,WA,10,2019,1
2845,WA,10,2021,1
2846,WA,11,2016,1
2847,WA,11,2018,1
2848,WA,12,2018,1
2849,WI,1,2016,1
2850,WI,2,2015,1
2851,WI,2,2016,1
2852,WI,2,2019,1
2853,WI,2,2021,1
2854,WI,3,2019,1
2855,WI,4,2017,1
2856,WI,4,2020,1
2857,WI,5,2016,1
2858,WI,5,2022,1
2859,WI,6,2021,1
2860,WI,6,2022,1
2861,WI,7,2019,1
2862,WI,8,2015,1
2863,WI,8,2019,1
2864,WI,8,2020,1
2865,WI,8,2022,1
2866,WI,9,2015,1
2867,WI,9,2021,1
2868,WI,10,2015,1
2869,WI,10,2019,1
2870,WI,10,2021,1
2871,WI,11,2017,1
2872,WI,11,2021,1
2873,WI,12,2015,1
2874,WI,12,2017,1
2875,WI,12,2020,1
2876,WI,12,2021,1
2877,WV,1,2017,1
2878,WV,1,2019,1
2879,WV,3,2018,1
2880,WV,3,2019,1
2881,WV,4,2017,1
2882,WV,4,2018,1
2883,WV,4,2020,1
2884,WV,5,2016,1
2885,WV,5,2017,1
2886,WV,5,2021,1
2887,WV,6,2015,1
2888,WV,7,2015,1
2889,WV,7,2016,1
2890,WV,7,2022,1
2891,WV,8,2015,1
2892,WV,8,2017,1
2893,WV,8,2021,1
2894,WV,9,2019,1
2895,WV,10,2016,1
2896,WV,10,2017,1
2897,WV,10,2018,1
2898,WV,10,2021,1
2899,WV,11,2017,1
2900,WV,11,2018,1
2901,WV,11,2021,1
2902,WV,12,2015,1
2903,WV,12,2016,1
2904,WV,12,2017,1
2905,WV,12,2019,1
2906,WY,1,2022,1
2907,WY,2,2018,1
2908,WY,4,2022,1
2909,WY,5,2015,1
2910,WY,5,2018,1
2911,WY,5,2021,1
2912,WY,5,2022,1
2913,WY,6,2021,1
2914,WY,7,2018,1
2915,WY,7,2022,1
2916,WY,8,2022,1
2917,WY,9,2019,1
2918,WY,9,2022,1
2919,WY,11,2018,1
2920,WY,11,2020,1
2921,WY,12,2017,1
2922,WY,12,2021,1
